name,type,price
Breast Cancer Awareness Boobies by Melanie Grobler,knockers,17.76
Breast Forms by Lisa Rode,knockers,5.49
Breast Prosthetic Round by Scarlett Royal,knockers,5.99
Bust Buddies by Eileen Adler,knockers,13.5
Crochet Breast by Denise Hayes,knockers,7.99
Gebreide Borstprothese by Claudia Barbo,knockers,4.5
Knitted Knockers - Flat On Two Needles by Terry Neal,knockers,13.5
Knitted Knockers Double pointed needles by KnittedKnockers.org,knockers,13.5
Knitted Knockers DPNs In Round by Terry Neal,knockers,13.5
Knitted Knockers on DPNs by Knitted Knockers,knockers,7.95
Knitted Knockers-2 Needles by Claudia Barbo and Jennifer Taylor,knockers,4.99
Knitted Mex Tit Bit by Sharon Lloyd,knockers,4.0
Knitty Titty by Linda Hart,knockers,5.99
Knockers (Crochet) by Claudia Barbo,knockers,14.0
Knotty Knockers by Shaz,knockers,5.99
Loom Knitted Knockers by Scarlett Royal,knockers,14.0
Tit Bits by Beryl Tsang,knockers,16.99
Silicone Breast Form Triangle Mastectomy Prostesis Bra Pad,breast prosthesis,29.99
Confidential Intimates Prostetic Breast (E Cup),breast prosthesis,60.0
Silicone Breast Form Mastectomy Prostesis Waterrop Enhancer,breast prosthesis,16.99
Undercover Glamour Lightweight Breast Forms - Extended Full,breast prosthesis,249.0
Amoena Essential Deluxe Light 3E Size 5 R Masectomy Bra,breast prosthesis,75.0
AMOENA Natural Xtra Light 2SN 400T Breast Form,breast prosthesis,299.0
Trulife 102 Impressions II Encore Breasts,breast prosthesis,325.0
"Magideal False Breasts Silicone with Bra, Bra Silicone Breasts",breast prosthesis,49.87
Trulife 508 Symphony Triangle Breast,breast prosthesis,270.0
American Breast Care (ABC) Intimates & Sleepwear | Silicone,breast prosthesis,35.0
Trulife 153 Cara Silicone Breast Prosthesis - Shallow,breast prosthesis,316.0
Us 1pair Silicone Waterdrop Shaped Fake Breast,breast prosthesis,20.58
Amoena Premium Priform Breast Form - Beige 01/02 - TLC Direct,breast prosthesis,48.5
Amoena 310 Energy Cosmetic 2S Silicone Breast Form,breast prosthesis,306.0
Nearly Me Casual Non-Weighted Breast Form 420 : Size 9,breast prosthesis,46.48
Amoena 347S Energy 2U Breast Form,breast prosthesis,299.0
Amoena Adapt Air Breast Form Adjustable Prosthetic 329 Each 532903,breast prosthesis,375.9
Myya Breast Form in Cashmere by Myya 2 / Cashmere,breast prosthesis,450.0
"Adjustable Breast Prosthesis D Cup Gray / Set of 2 , Pinkpepperco",breast prosthesis,27.99
AMOENA Natura Xtra Light 2SN 400 Breast Form,breast prosthesis,299.9
Heka Ebk Breast Surgery Silicone Breast Implants for Women Silicone Fake Breasts ...,breast prosthesis,19.98
Warrior Sisters Adjustable Mastectomy Reconstruction Breast Forms Small to Medium ...,breast prosthesis,20.0
"Trulife 607 First Fit Form Triangle External Breast Prosthesis,607,Size 5,Each",breast prosthesis,45.0
Mastectomy Camisole Classic Style with Built-in Breast Prosthetics -,breast prosthesis,148.0
Braza - Foam Mastectomy Breast Form (8),breast prosthesis,34.99
Breast Prosthesis ( Ref. E-050 ) 500g,breast prosthesis,48.99
,,
,,
