name,retailer,type,price
Silicone Breast Form Triangle Mastectomy Prostesis Bra Pad,Walmart,breast prosthesis,29.99
Confidential Intimates Prostetic Breast (E Cup),Confidential Intimates,breast prosthesis,60
Silicone Breast Form Mastectomy Prostesis Waterrop Enhancer,Walmart,breast prosthesis,16.99
Undercover Glamour Lightweight Breast Forms - Extended Full,fruugo.com,breast prosthesis,249
Amoena Essential Deluxe Light 3E Size 5 R Masectomy Bra,Ebay,breast prosthesis,75
AMOENA Natural Xtra Light 2SN 400T Breast Form,Amoena,breast prosthesis,299
Trulife 102 Impressions II Encore Breasts,HealthProductsForYou.com,breast prosthesis,325
"Magideal False Breasts Silicone with Bra, Bra Silicone Breasts",Walmart,breast prosthesis,49.87
Trulife 508 Symphony Triangle Breast,Rehab Store,breast prosthesis,270
American Breast Care (ABC) Intimates & Sleepwear | Silicone,Poshmark,breast prosthesis,35
Trulife 153 Cara Silicone Breast Prosthesis - Shallow,Medical Department Store,breast prosthesis,316
Us 1pair Silicone Waterdrop Shaped Fake Breast,Ebay,breast prosthesis,20.58
Amoena Premium Priform Breast Form - Beige 01/02 - TLC Direct,TLC Direct,breast prosthesis,48.5
Amoena 310 Energy Cosmetic 2S Silicone Breast Form,Betty Mills,breast prosthesis,306
Nearly Me Casual Non-Weighted Breast Form 420 : Size 9,Active Forever,breast prosthesis,46.48
Amoena 347S Energy 2U Breast Form,Amazon,breast prosthesis,299
Amoena Adapt Air Breast Form Adjustable Prosthetic 329 Each 532903,VitalityMedical.com,breast prosthesis,375.9
Myya Breast Form in Cashmere by Myya 2 / Cashmere,Cherry Blossom Intimates,breast prosthesis,450
"Adjustable Breast Prosthesis D Cup Gray / Set of 2 , Pinkpepperco",Pink Pepper Co,breast prosthesis,27.99
AMOENA Natura Xtra Light 2SN 400 Breast Form,Amoena,breast prosthesis,299.9
Heka Ebk Breast Surgery Silicone Breast Implants for Women Silicone Fake Breasts ...,Walmart,breast prosthesis,19.98
Warrior Sisters Adjustable Mastectomy Reconstruction Breast Forms Small to Medium ...,Warrior Sisters,breast prosthesis,20
"Trulife 607 First Fit Form Triangle External Breast Prosthesis,607,Size 5,Each",Damozelle,breast prosthesis,45
Mastectomy Camisole Classic Style with Built-in Breast Prosthetics -,eCrater,breast prosthesis,148
Braza - Foam Mastectomy Breast Form (8),Walter Drake,breast prosthesis,34.99
Breast Prosthesis ( Ref. E-050 ) 500g,Shapewear FTC,breast prosthesis,48.99
,,,
,,,